-- --------------------------------------------------------
-- Host:                         127.0.0.1
-- Server version:               8.4.3 - MySQL Community Server - GPL
-- Server OS:                    Win64
-- HeidiSQL Version:             12.8.0.6908
-- --------------------------------------------------------

/*!40101 SET @OLD_CHARACTER_SET_CLIENT=@@CHARACTER_SET_CLIENT */;
/*!40101 SET NAMES utf8 */;
/*!50503 SET NAMES utf8mb4 */;
/*!40103 SET @OLD_TIME_ZONE=@@TIME_ZONE */;
/*!40103 SET TIME_ZONE='+00:00' */;
/*!40014 SET @OLD_FOREIGN_KEY_CHECKS=@@FOREIGN_KEY_CHECKS, FOREIGN_KEY_CHECKS=0 */;
/*!40101 SET @OLD_SQL_MODE=@@SQL_MODE, SQL_MODE='NO_AUTO_VALUE_ON_ZERO' */;
/*!40111 SET @OLD_SQL_NOTES=@@SQL_NOTES, SQL_NOTES=0 */;

-- Dumping structure for table absensi_labor.admin
CREATE TABLE IF NOT EXISTS `admin` (
  `id` int NOT NULL AUTO_INCREMENT,
  `nama` varchar(100) CHARACTER SET utf8mb4 COLLATE utf8mb4_general_ci DEFAULT NULL,
  `username` varchar(50) CHARACTER SET utf8mb4 COLLATE utf8mb4_general_ci DEFAULT NULL,
  `password` varchar(255) CHARACTER SET utf8mb4 COLLATE utf8mb4_general_ci DEFAULT NULL,
  PRIMARY KEY (`id`),
  UNIQUE KEY `username` (`username`)
) ENGINE=InnoDB AUTO_INCREMENT=7 DEFAULT CHARSET=utf8mb4 COLLATE=utf8mb4_general_ci;

-- Dumping data for table absensi_labor.admin: ~1 rows (approximately)
INSERT INTO `admin` (`id`, `nama`, `username`, `password`) VALUES
	(1, 'admin', 'admin', '$2y$10$WNoy8lzAlq1rHD0ivIKGVOxpvCPVAu8yWX7ltHWbN/xnBlzEOC8hu');

-- Dumping structure for table absensi_labor.attendance_logs
CREATE TABLE IF NOT EXISTS `attendance_logs` (
  `id` int NOT NULL AUTO_INCREMENT,
  `user_id` int DEFAULT NULL,
  `labor_id` int DEFAULT NULL,
  `status` enum('IN','OUT') CHARACTER SET utf8mb4 COLLATE utf8mb4_general_ci DEFAULT 'IN',
  `confidence_score` float DEFAULT NULL,
  `created_at` datetime DEFAULT CURRENT_TIMESTAMP,
  `stored_user_nama` varchar(100) COLLATE utf8mb4_general_ci DEFAULT NULL,
  PRIMARY KEY (`id`),
  KEY `fk_att_user` (`user_id`),
  KEY `idx_labor_id` (`labor_id`),
  KEY `idx_created_at` (`created_at`),
  CONSTRAINT `fk_att_labor` FOREIGN KEY (`labor_id`) REFERENCES `labor` (`id`) ON DELETE SET NULL,
  CONSTRAINT `fk_att_user` FOREIGN KEY (`user_id`) REFERENCES `users` (`id`) ON DELETE SET NULL
) ENGINE=InnoDB AUTO_INCREMENT=169 DEFAULT CHARSET=utf8mb4 COLLATE=utf8mb4_general_ci;

-- Dumping data for table absensi_labor.attendance_logs: ~2 rows (approximately)
INSERT INTO `attendance_logs` (`id`, `user_id`, `labor_id`, `status`, `confidence_score`, `created_at`, `stored_user_nama`) VALUES
	(144, NULL, 3, 'IN', 0.419569, '2026-02-12 14:49:41', 'test2'),
	(145, NULL, 3, 'OUT', 0.552177, '2026-02-12 14:51:15', 'test2'),
	(146, 18, 3, 'IN', 0.449848, '2026-02-12 15:03:59', 'test3'),
	(147, 18, 3, 'OUT', 0.469877, '2026-02-12 15:05:12', 'test3'),
	(148, 18, 3, 'IN', 0.584282, '2026-02-12 15:15:08', 'test3'),
	(149, 18, 3, 'OUT', 0.515089, '2026-02-12 15:15:16', 'test3'),
	(150, 18, 3, 'IN', 0.514016, '2026-02-12 15:16:14', 'test3'),
	(151, 18, 3, 'OUT', 0.556426, '2026-02-12 15:17:13', 'test3'),
	(152, 18, 3, 'IN', 0.57912, '2026-02-12 15:17:45', 'test3'),
	(153, 18, 3, 'OUT', 0.583888, '2026-02-12 15:17:53', 'test3'),
	(154, 18, 3, 'IN', 0.565461, '2026-02-12 15:18:12', 'test3'),
	(155, 18, 3, 'OUT', 0.513822, '2026-02-12 15:18:30', 'test3'),
	(156, 18, 3, 'IN', 0.458494, '2026-02-12 15:24:31', 'test3'),
	(157, 18, 3, 'OUT', 0.435976, '2026-02-12 15:24:36', 'test3'),
	(158, 18, 3, 'IN', 0.48806, '2026-02-12 15:24:41', 'test3'),
	(159, 18, 3, 'OUT', 0.407289, '2026-02-12 15:24:48', 'test3'),
	(160, 18, 3, 'IN', 0.421208, '2026-02-12 15:25:05', 'test3'),
	(161, 19, 3, 'IN', 0.433326, '2026-02-12 15:29:41', 'test4'),
	(162, 18, 3, 'OUT', 0.442969, '2026-02-12 15:59:51', 'test3'),
	(163, 20, 3, 'IN', 0.482963, '2026-02-12 16:07:39', 'test5'),
	(164, 20, 3, 'OUT', 0.66756, '2026-02-12 16:07:44', 'test5'),
	(165, 20, 3, 'IN', 0.62485, '2026-02-12 16:07:49', 'test5'),
	(166, 20, 3, 'OUT', 0.57632, '2026-02-12 16:07:55', 'test5'),
	(167, 20, 3, 'IN', 0.415009, '2026-02-12 16:08:42', 'test5'),
	(168, 20, 3, 'OUT', 0.480915, '2026-02-12 16:08:52', 'test5');

-- Dumping structure for table absensi_labor.face_embeddings
CREATE TABLE IF NOT EXISTS `face_embeddings` (
  `id` int NOT NULL AUTO_INCREMENT,
  `user_id` int DEFAULT NULL,
  `embedding_index` int DEFAULT '1',
  `embedding` text CHARACTER SET utf8mb4 COLLATE utf8mb4_general_ci NOT NULL,
  `photo_path` varchar(255) CHARACTER SET utf8mb4 COLLATE utf8mb4_general_ci DEFAULT NULL,
  `created_at` datetime DEFAULT CURRENT_TIMESTAMP,
  PRIMARY KEY (`id`),
  KEY `fk_face_user` (`user_id`),
  KEY `idx_user_embedding` (`user_id`,`embedding_index`),
  CONSTRAINT `fk_face_user` FOREIGN KEY (`user_id`) REFERENCES `users` (`id`) ON DELETE CASCADE
) ENGINE=InnoDB AUTO_INCREMENT=112 DEFAULT CHARSET=utf8mb4 COLLATE=utf8mb4_general_ci;

-- Dumping data for table absensi_labor.face_embeddings: ~5 rows (approximately)
INSERT INTO `face_embeddings` (`id`, `user_id`, `embedding_index`, `embedding`, `photo_path`, `created_at`) VALUES
	(102, 19, 1, '[-0.1283711940050125,0.1266205757856369,0.05016923323273659,-0.02942296862602234,-0.09808488190174103,-0.07113346457481384,0.00910759437829256,-0.09903737157583237,0.16509035229682922,-0.06779418140649796,0.3294154107570648,-0.08378929644823074,-0.2143479585647583,-0.12685811519622803,0.004137003794312477,0.19795489311218262,-0.19826100766658783,-0.09707418829202652,-0.05295084789395332,-0.09660633653402328,0.03212273120880127,-0.04609613120555878,0.013120418414473534,0.022949853911995888,-0.02842780388891697,-0.39491331577301025,-0.10128256678581238,-0.13778778910636902,0.08108122646808624,-0.05489736422896385,-0.05806487426161766,0.019006678834557533,-0.2270875871181488,-0.14475993812084198,0.012063976377248764,-0.0054427883587777615,-0.06069782376289368,-0.01779278926551342,0.18459491431713104,-0.05643890053033829,-0.14182955026626587,0.0026348207611590624,0.03988679498434067,0.2299017459154129,0.12226885557174683,0.08078902214765549,0.06425794959068298,-0.13092008233070374,0.0633590817451477,-0.10924424976110458,0.023982515558600426,0.1341659426689148,0.12236262857913971,0.029627274721860886,-0.019895397126674652,-0.16924260556697845,-0.0176597461104393,0.0511755496263504,-0.18514616787433624,0.03080010414123535,0.07642822712659836,-0.09407540410757065,-0.10613954812288284,-0.05264618620276451,0.30228695273399353,0.07302950322628021,-0.0893724337220192,-0.19076007604599,0.18287719786167145,-0.10454269498586655,0.02128419280052185,0.06880521774291992,-0.15794506669044495,-0.19046148657798767,-0.2887926995754242,0.08227993547916412,0.3834134340286255,0.01619279757142067,-0.16459481418132782,0.022821158170700073,-0.10844629257917404,-0.024364251643419266,0.08269914239645004,0.13773702085018158,-0.04033692181110382,0.015585493296384811,-0.1080961748957634,0.02499859221279621,0.14693686366081238,-0.13665416836738586,-0.014750787056982517,0.1857558637857437,-0.023122433573007584,0.06321731954813004,-0.003474564291536808,0.01861433871090412,-0.0956352949142456,0.017887067049741745,-0.10594172030687332,-0.016907965764403343,0.04981725662946701,-0.04577305540442467,-0.03403886407613754,0.06883445382118225,-0.1363772451877594,0.0441996194422245,-0.013902164064347744,-0.005026723258197308,-0.06276636570692062,-0.0561675950884819,-0.05031926929950714,-0.12867030501365662,0.12106332182884216,-0.21513420343399048,0.2158549726009369,0.20301829278469086,0.023847101256251335,0.16551749408245087,0.0602690763771534,0.061663392931222916,0.0011313940631225705,-0.04060659930109978,-0.19686265289783478,0.022757889702916145,0.08979266881942749,-0.022305704653263092,0.03181597217917442,-0.015907932072877884]', NULL, '2026-02-12 15:29:24'),
	(103, 19, 2, '[-0.13385790586471558,0.11491945385932922,0.049865905195474625,-0.02999107539653778,-0.09513881057500839,-0.07593825459480286,0.009753420017659664,-0.11185471713542938,0.17604731023311615,-0.06804704666137695,0.328744113445282,-0.08403779566287994,-0.21021026372909546,-0.12669631838798523,0.008677830919623375,0.20254172384738922,-0.19998590648174286,-0.10119697451591492,-0.05456138402223587,-0.09387937188148499,0.022582149133086205,-0.0479840487241745,0.008606638759374619,0.032051391899585724,-0.035776179283857346,-0.39918071031570435,-0.10245411098003387,-0.14680910110473633,0.07886318117380142,-0.05011630803346634,-0.06975819915533066,0.031037112697958946,-0.22546155750751495,-0.14290542900562286,0.00968016218394041,-0.001351378159597516,-0.06177947297692299,-0.024337802082300186,0.1751280277967453,-0.05559662729501724,-0.15312643349170685,-0.006825901567935944,0.04000500962138176,0.21932458877563477,0.1250365525484085,0.06545911729335785,0.06696582585573196,-0.12607623636722565,0.05120072513818741,-0.11029058694839478,0.014846316538751125,0.13602903485298157,0.1219206377863884,0.03097669593989849,-0.022757025435566902,-0.17570562660694122,-0.026507843285799026,0.04840364307165146,-0.18848857283592224,0.028928469866514206,0.06918621063232422,-0.0969325378537178,-0.1133803203701973,-0.047726135700941086,0.2989010810852051,0.08873295038938522,-0.09393846988677979,-0.1828514039516449,0.18222010135650635,-0.10985074937343597,0.024795811623334885,0.06056108698248863,-0.16313688457012177,-0.20145028829574585,-0.2946837246417999,0.07297082990407944,0.37580811977386475,0.013351375237107277,-0.1692672222852707,0.027261558920145035,-0.11858391016721725,-0.020523564890027046,0.07352020591497421,0.13910876214504242,-0.036916766315698624,0.02407744899392128,-0.10462068021297455,0.019215650856494904,0.14064432680606842,-0.134255051612854,-0.0028960909694433212,0.19101625680923462,-0.029959358274936676,0.05170462653040886,-0.003057030262425542,0.027794038876891136,-0.0920029729604721,0.0041726077906787395,-0.10032134503126144,-0.02672223560512066,0.05066385120153427,-0.04681592434644699,-0.031813956797122955,0.06860743463039398,-0.14588186144828796,0.04267629608511925,-0.003830063622444868,-0.004649061243981123,-0.05043324455618858,-0.05386669933795929,-0.03972814604640007,-0.1421482115983963,0.12435473501682281,-0.21139070391654968,0.20866824686527252,0.207824245095253,0.018215471878647804,0.173350527882576,0.050777312368154526,0.06338849663734436,-0.01048786286264658,-0.04214609041810036,-0.1881205141544342,0.029353998601436615,0.08480939269065857,-0.019240720197558403,0.01823500730097294,-0.014275726862251759]', NULL, '2026-02-12 15:29:24'),
	(104, 19, 3, '[-0.11946196854114532,0.1254446655511856,0.047303929924964905,-0.02235749177634716,-0.08261103183031082,-0.06227492913603783,0.016024986281991005,-0.10320645570755005,0.1721891462802887,-0.06372997909784317,0.3274676203727722,-0.06975927203893661,-0.21047675609588623,-0.1324719339609146,0.007258565165102482,0.19633547961711884,-0.2036907970905304,-0.10398360341787338,-0.050509262830019,-0.10535421222448349,0.03902790695428848,-0.038042016327381134,0.01665116846561432,0.025146059691905975,-0.039803944528102875,-0.38354817032814026,-0.10260685533285141,-0.13734516501426697,0.08774401247501373,-0.04979891702532768,-0.05859606713056564,0.014060307294130325,-0.23506060242652893,-0.13989539444446564,0.008676551282405853,-0.012590734288096428,-0.0594145692884922,-0.027630964294075966,0.18858982622623444,-0.05868126451969147,-0.13711825013160706,0.015054827556014061,0.041515592485666275,0.22636373341083527,0.11875975131988525,0.07302238792181015,0.057339224964380264,-0.1289520412683487,0.05748181417584419,-0.10380815714597702,0.024895956739783287,0.1344536542892456,0.12687848508358002,0.03348349779844284,-0.03573181480169296,-0.17718958854675293,-0.02596481889486313,0.053255025297403336,-0.1861121952533722,0.02757902257144451,0.05988951399922371,-0.08796712011098862,-0.10607732087373734,-0.047105975449085236,0.28803443908691406,0.0775502622127533,-0.08554615080356598,-0.19373486936092377,0.174990713596344,-0.1052517369389534,0.024604156613349915,0.0749223455786705,-0.1599915772676468,-0.19234921038150787,-0.28169870376586914,0.08091271668672562,0.3763280510902405,0.004882260225713253,-0.16999050974845886,0.018272073939442635,-0.10577291250228882,-0.01824631355702877,0.08122055232524872,0.1268540918827057,-0.04823660850524902,0.0160810649394989,-0.11311307549476624,0.03217845782637596,0.15311019122600555,-0.13062384724617004,-0.023943400010466576,0.19122819602489471,-0.016256624832749367,0.05968528985977173,0.00019045983208343387,0.026321040466427803,-0.0848931148648262,0.020174121484160423,-0.11266858875751495,-0.01840587705373764,0.05370995029807091,-0.03772776201367378,-0.03920726105570793,0.07113900035619736,-0.13979028165340424,0.048225805163383484,-0.00254508713260293,-0.010799272917211056,-0.059242330491542816,-0.056191787123680115,-0.05795978009700775,-0.12457315623760223,0.12540046870708466,-0.2110847383737564,0.214870885014534,0.20387214422225952,0.024518705904483795,0.1692502200603485,0.05543103441596031,0.05963375046849251,-0.008924394845962524,-0.046658411622047424,-0.20365215837955475,0.027410918846726418,0.10050801932811737,-0.02510509081184864,0.03993479162454605,-0.016752347350120544]', NULL, '2026-02-12 15:29:24'),
	(105, 19, 4, '[-0.12693087756633759,0.1175447478890419,0.0479741171002388,-0.030597882345318794,-0.09997699409723282,-0.07038824260234833,0.011213025078177452,-0.10596742480993271,0.17179103195667267,-0.06616328656673431,0.32914212346076965,-0.08834497630596161,-0.21662023663520813,-0.11956311017274857,0.0046767923049628735,0.2002956122159958,-0.1957758516073227,-0.10183403640985489,-0.05938144400715828,-0.10038136690855026,0.016265127807855606,-0.049587465822696686,0.009159407578408718,0.03582913428544998,-0.03095615841448307,-0.3956626057624817,-0.10290947556495667,-0.14654384553432465,0.08529851585626602,-0.05461989343166351,-0.06490784883499146,0.026529371738433838,-0.22684668004512787,-0.14531518518924713,0.014183230698108673,-0.0022727889008820057,-0.06299609690904617,-0.019683390855789185,0.1870114803314209,-0.05658869445323944,-0.14343102276325226,0.0014101529959589243,0.04044179990887642,0.22851966321468353,0.12029911577701569,0.07580830156803131,0.0687207579612732,-0.12421511858701706,0.04971538484096527,-0.10699103772640228,0.024115556851029396,0.1387138068675995,0.12201506644487381,0.03502463921904564,-0.026648972183465958,-0.17763124406337738,-0.027589643374085426,0.055134814232587814,-0.18816997110843658,0.03649948537349701,0.07353001832962036,-0.09458676725625992,-0.11626992374658585,-0.05064529925584793,0.305568665266037,0.08382751047611237,-0.09561417251825333,-0.19108030200004578,0.18153837323188782,-0.11332517117261887,0.025728920474648476,0.06660497188568115,-0.1624411940574646,-0.19156314432621002,-0.2861142158508301,0.08179741352796555,0.378850519657135,0.013265738263726234,-0.1679145097732544,0.023172477260231972,-0.113522469997406,-0.024832339957356453,0.07189276069402695,0.13570722937583923,-0.038104794919490814,0.019851384684443474,-0.10064827650785446,0.023416921496391296,0.14060209691524506,-0.1326543539762497,-0.006078904960304499,0.18775852024555206,-0.027952127158641815,0.050706543028354645,-0.004013539291918278,0.026323243975639343,-0.09366127848625183,0.0061129177920520306,-0.10082120448350906,-0.022513575851917267,0.050648145377635956,-0.04504408314824104,-0.03160097822546959,0.06176582723855972,-0.1443588137626648,0.04681939259171486,-0.01149450521916151,-0.007312244735658169,-0.057545095682144165,-0.0513620562851429,-0.04622526839375496,-0.13660769164562225,0.13497141003608704,-0.22019444406032562,0.215334951877594,0.20805232226848602,0.021259326487779617,0.16672971844673157,0.05349705368280411,0.06315673887729645,-0.0020078723318874836,-0.03948093205690384,-0.191616028547287,0.023364022374153137,0.08640741556882858,-0.024184977635741234,0.0263887457549572,-0.014533130452036858]', NULL, '2026-02-12 15:29:24'),
	(106, 19, 5, '[-0.128365620970726,0.13010267913341522,0.04373127594590187,-0.036395419389009476,-0.09706918895244598,-0.06919960677623749,0.01114245317876339,-0.116620272397995,0.16850315034389496,-0.07195175439119339,0.3233413100242615,-0.07311298698186874,-0.21172234416007996,-0.11806957423686981,0.00810874905437231,0.19654396176338196,-0.21276560425758362,-0.10174116492271423,-0.05935516953468323,-0.12296714633703232,0.01972796954214573,-0.035476475954055786,0.018334554508328438,0.0445297472178936,-0.03363315016031265,-0.37860435247421265,-0.10058934986591339,-0.15094496309757233,0.11281934380531311,-0.04265968129038811,-0.06545061618089676,0.01648581586778164,-0.2310660034418106,-0.13932029902935028,0.01629830338060856,-0.018418869003653526,-0.055286988615989685,-0.02483103983104229,0.19537222385406494,-0.055383142083883286,-0.13608627021312714,-0.0011709020473062992,0.041302263736724854,0.22961954772472382,0.12065722793340683,0.07253853976726532,0.06338430941104889,-0.12098618596792221,0.054512687027454376,-0.10980162024497986,0.020408477634191513,0.1351962685585022,0.12845101952552795,0.02408270537853241,-0.02524753101170063,-0.19791746139526367,-0.041218459606170654,0.05484873056411743,-0.1890387386083603,0.03497893363237381,0.06324551999568939,-0.08458627760410309,-0.11364784091711044,-0.060157570987939835,0.3098365366458893,0.09052760899066925,-0.09956882148981094,-0.18704505264759064,0.19349585473537445,-0.11054044216871262,0.035657044500112534,0.07353667169809341,-0.15908941626548767,-0.18427371978759766,-0.272615909576416,0.08083157986402512,0.3737656772136688,0.02160750888288021,-0.1621474027633667,0.007732733152806759,-0.11628168821334839,-0.01577710174024105,0.07155284285545349,0.12276648730039597,-0.0610400028526783,0.015895240008831024,-0.09105277061462402,0.02837345190346241,0.13633881509304047,-0.12828408181667328,-0.014154410921037197,0.19467291235923767,-0.02364864945411682,0.05373826250433922,-0.007640582975000143,0.02247501164674759,-0.10075787454843521,0.003595251590013504,-0.11032495647668839,-0.012188415043056011,0.04213697090744972,-0.04490400850772858,-0.022086255252361298,0.0781043991446495,-0.14090116322040558,0.03321332111954689,-0.01226802822202444,-0.021331923082470894,-0.06832952052354813,-0.040566734969615936,-0.05936220660805702,-0.1385776549577713,0.13322709500789642,-0.2158857136964798,0.21594542264938354,0.21432368457317352,0.018661905080080032,0.17103588581085205,0.053526610136032104,0.05780958756804466,-0.0019554521422833204,-0.04481380060315132,-0.18831530213356018,0.021149488165974617,0.1037263572216034,-0.0425560362637043,0.026865707710385323,-0.021519329398870468]', NULL, '2026-02-12 15:29:24'),
	(107, 20, 1, '[-0.09502962976694107,0.10952647775411606,0.149054616689682,-0.04325070232152939,-0.06906940042972565,0.023133957758545876,-0.04642494395375252,0.0034396182745695114,0.16700312495231628,-0.022202549502253532,0.3587568402290344,-0.004941906780004501,-0.1731395721435547,-0.1718195378780365,0.031478334218263626,0.13579653203487396,-0.2041839063167572,-0.12121433764696121,-0.019967475906014442,-0.03421226143836975,0.0013818274019286036,0.019317155703902245,0.012594622559845448,0.0429999940097332,-0.17619696259498596,-0.43804895877838135,-0.03351035714149475,-0.12084013223648071,0.0322716124355793,-0.14359791576862335,-0.069607213139534,0.06841480731964111,-0.2588884234428406,-0.07960621267557144,-0.038353465497493744,0.09031964093446732,-0.03812824562191963,0.011686312034726143,0.16263799369335175,0.02710334025323391,-0.20265594124794006,0.03379662707448006,-0.03096747398376465,0.2810162901878357,0.26165345311164856,0.0642070323228836,-0.03237501159310341,0.021685589104890823,0.051361896097660065,-0.24004654586315155,0.09244772791862488,0.13616326451301575,0.10602429509162903,0.027370676398277283,0.022056585177779198,-0.12831717729568481,-0.054294291883707047,0.07917594164609909,-0.21812519431114197,0.0027063104789704084,-0.041237298399209976,-0.1460932493209839,-0.001415992621332407,-0.034214600920677185,0.22499419748783112,0.10440241545438766,-0.05962744727730751,-0.1501837968826294,0.14695638418197632,-0.10686583817005157,-0.026947366073727608,0.1417718380689621,-0.11078032106161118,-0.16653236746788025,-0.35776665806770325,0.12009762227535248,0.4135085344314575,0.08131560683250427,-0.22657932341098785,0.013049425557255745,-0.047412168234586716,-0.05011363327503204,0.0803452730178833,0.07028911262750626,-0.04420768842101097,0.016138793900609016,-0.1188242956995964,0.04968128353357315,0.13857793807983398,0.024089688435196877,-0.0683785155415535,0.21615783870220184,-0.05690484866499901,0.07065081596374512,0.07894282788038254,0.026038460433483124,-0.014798098243772984,0.048797134310007095,-0.13259784877300262,-0.019523432478308678,0.05231253430247307,-0.0304833073168993,-0.021652087569236755,0.11809957772493362,-0.17205829918384552,0.09974107891321182,0.013405107893049717,-0.01222119852900505,0.01465720683336258,0.0060795629397034645,-0.0701015368103981,-0.07594655454158783,0.15622760355472565,-0.3350743353366852,0.20392362773418427,0.179138645529747,0.010465512983500957,0.1693587303161621,0.05821537598967552,0.014924386516213417,-0.041962169110774994,-0.0729522630572319,-0.17762096226215363,0.0017232034588232636,0.08607019484043121,-0.05877766013145447,0.13080275058746338,0.037625301629304886]', NULL, '2026-02-12 16:06:39'),
	(108, 20, 2, '[-0.10399151593446732,0.10438134521245956,0.06275063008069992,-0.05233081430196762,-0.10127097368240356,0.05060643330216408,-0.030843501910567284,0.02435222826898098,0.21720577776432037,-0.028269805014133453,0.32641637325286865,0.021931298077106476,-0.2106838822364807,-0.11590418964624405,-0.0021486992482095957,0.1449708491563797,-0.25181111693382263,-0.07254897058010101,-0.0693865492939949,-0.05641157180070877,0.011525243520736694,0.017878517508506775,0.004507954232394695,0.04701549559831619,-0.09696760773658752,-0.4270115792751312,-0.01161886751651764,-0.08507752418518066,0.08452500402927399,-0.16847079992294312,-0.030280111357569695,0.06073513627052307,-0.2268878072500229,-0.11233866959810257,-0.022963957861065865,0.05310077965259552,-0.019827641546726227,0.054042328149080276,0.13071784377098083,0.02908550761640072,-0.17293797433376312,0.030289502814412117,0.0037632908206433058,0.2713231146335602,0.23363031446933746,0.14662517607212067,-0.04728010296821594,-0.011882062070071697,0.07030859589576721,-0.28762468695640564,0.06497929990291595,0.14192061126232147,0.0932781770825386,-0.0005898635135963559,0.06514634191989899,-0.1347503364086151,-0.06284358352422714,0.05906509608030319,-0.21868260204792023,0.03279513493180275,0.023102859035134315,-0.10627983510494232,-0.02301204949617386,-0.035789042711257935,0.21548713743686676,0.09961798787117004,-0.06470773369073868,-0.16590462625026703,0.13342328369617462,-0.11598147451877594,-0.026343701407313347,0.13048791885375977,-0.05899760499596596,-0.15401007235050201,-0.32904642820358276,0.0692211389541626,0.4259536564350128,0.1164746880531311,-0.15545648336410522,0.011313297785818577,-0.1049191877245903,-0.021008271723985672,0.09028728306293488,-0.009138576686382294,-0.06186704337596893,-0.042494047433137894,-0.1313372403383255,0.028472693637013435,0.08948764204978943,0.03593546152114868,-0.06603691726922989,0.19598343968391418,-0.03420894220471382,0.04648752138018608,0.04489811137318611,0.06890054792165756,-0.09039212763309479,0.022665033116936684,-0.1439964473247528,-0.07839739322662354,0.06244825944304466,-0.004745816811919212,0.03645607456564903,0.0790036991238594,-0.14227956533432007,0.09781815856695175,-0.020177224650979042,0.015100252814590931,0.04412052035331726,0.04988457262516022,-0.09612977504730225,-0.05706237629055977,0.14120735228061676,-0.33832237124443054,0.22220046818256378,0.16480621695518494,-0.020779279991984367,0.14588817954063416,0.060773976147174835,0.038620028644800186,-0.0560365654528141,-0.06462028622627258,-0.12488657236099243,-0.059173353016376495,0.029454264789819717,-0.05226884037256241,0.12206847965717316,0.008985435590147972]', NULL, '2026-02-12 16:06:39'),
	(109, 20, 3, '[-0.05882367119193077,0.15903571248054504,0.055655404925346375,-0.06507038325071335,-0.0709863007068634,0.10307931154966354,-0.08130715787410736,-0.02874920330941677,0.19697034358978271,-0.0658532902598381,0.27865713834762573,0.03215237334370613,-0.16404956579208374,-0.14358864724636078,-0.01954183168709278,0.1345215141773224,-0.22797468304634094,-0.16943660378456116,-0.040139053016901016,-0.0032693762332201004,0.03322776407003403,0.0017928732559084892,-0.012819521129131317,0.05094233155250549,-0.13887645304203033,-0.3969590663909912,-0.014664610847830772,-0.10504937171936035,0.11095244437456131,-0.1516125202178955,-0.09985309839248657,-0.018306810408830643,-0.2756271958351135,-0.06648954749107361,-0.026509344577789307,0.08530367910861969,-0.029231712222099304,-0.0020376660395413637,0.15768297016620636,0.0392727330327034,-0.17112354934215546,0.08838573843240738,-0.03775736689567566,0.25495776534080505,0.2546653151512146,0.09728372097015381,-0.017395541071891785,-0.03315117582678795,0.09653478115797043,-0.2956728935241699,0.12036150693893433,0.15550749003887177,0.12070450186729431,0.03568499907851219,0.013477926142513752,-0.15057086944580078,-0.0751231461763382,0.04070732370018959,-0.19067539274692535,0.052652426064014435,-0.004038733895868063,-0.08180734515190125,-0.027866173535585403,-0.047763392329216,0.20574936270713806,0.11985171586275101,-0.07715506106615067,-0.17409835755825043,0.12260352820158005,-0.1324806809425354,-0.008686546236276627,0.10767704248428345,-0.05347134545445442,-0.12915702164173126,-0.28638291358947754,0.08860263973474503,0.44086676836013794,0.13015179336071014,-0.21529507637023926,0.00467884074896574,-0.10301290452480316,-0.04096619784832001,0.056084852665662766,0.015570985153317451,-0.04439244046807289,-0.027098793536424637,-0.12264305353164673,0.049714136868715286,0.17844997346401215,0.009382988326251507,-0.044781628996133804,0.19538399577140808,-0.03754524514079094,0.06098397076129913,0.03957101330161095,0.0737607553601265,-0.08133647590875626,0.01653018407523632,-0.104761503636837,-0.055793341249227524,0.022414283826947212,0.00011583157174754888,-0.01477411761879921,0.12001299858093262,-0.15273284912109375,0.13433781266212463,-0.023286089301109314,-0.017194004729390144,0.04761207476258278,0.02974415384232998,-0.09595829248428345,-0.07873552292585373,0.14899547398090363,-0.2898740768432617,0.22097525000572205,0.15894772112369537,0.010530230589210987,0.14130447804927826,0.07603386789560318,0.05236315727233887,-0.020581508055329323,-0.04966583847999573,-0.1653209924697876,-0.08047013729810715,0.033185750246047974,-0.04609762132167816,0.10788979381322861,0.011304796673357487]', NULL, '2026-02-12 16:06:39'),
	(110, 20, 4, '[-0.12287039309740067,0.13016538321971893,0.13978645205497742,-0.024711180478334427,-0.062158629298210144,0.027916092425584793,-0.062329720705747604,-0.0004149791202507913,0.160996213555336,-0.004771666135638952,0.33193981647491455,0.01978149078786373,-0.17647728323936462,-0.1780558079481125,-0.011848249472677708,0.16634798049926758,-0.2231588214635849,-0.11245936900377274,-0.042205508798360825,-0.01653675176203251,0.019755668938159943,0.022610878571867943,0.021367494016885757,0.013751165010035038,-0.1419392228126526,-0.42548230290412903,-0.04103946313261986,-0.08922810107469559,0.06079773232340813,-0.1186116486787796,-0.08366284519433975,0.03818000480532646,-0.24696946144104004,-0.07638122886419296,-0.01522830594331026,0.11253853887319565,-0.04256376251578331,-0.012663359753787518,0.14188970625400543,0.012555988505482674,-0.2035074681043625,0.04802403599023819,-0.008507019840180874,0.2792949974536896,0.2835400700569153,0.07242711633443832,-0.037466440349817276,0.00871160440146923,0.06302572041749954,-0.2564769387245178,0.09826357662677765,0.13738837838172913,0.08564621210098267,0.04696512967348099,0.051764510571956635,-0.14074285328388214,-0.04147559031844139,0.10320737957954407,-0.19013428688049316,-0.021801169961690903,-0.043729569762945175,-0.1424722820520401,-0.012246396392583847,-0.046382345259189606,0.21656110882759094,0.13718418776988983,-0.06939332187175751,-0.17637120187282562,0.16061434149742126,-0.08985723555088043,-0.013031311333179474,0.13103754818439484,-0.10750576108694077,-0.13803556561470032,-0.34798404574394226,0.10655607283115387,0.45726433396339417,0.08451443910598755,-0.22147174179553986,0.020425600931048393,-0.04200095310807228,-0.030328797176480293,0.09696705639362335,0.07528512924909592,-0.043113354593515396,-0.002975574927404523,-0.13916365802288055,0.021955367177724838,0.13121646642684937,0.024074476212263107,-0.08133211731910706,0.18093471229076385,-0.04503963515162468,0.059167224913835526,0.08213739842176437,0.032573506236076355,-0.024682750925421715,0.04009208083152771,-0.1405225694179535,-0.05120377242565155,0.06340651214122772,-0.0338950976729393,-0.028576351702213287,0.11521913856267929,-0.12550438940525055,0.09515664726495743,0.03167087584733963,0.023824132978916168,0.034599337726831436,-0.005860788282006979,-0.05768837779760361,-0.03774363175034523,0.13539765775203705,-0.3284931480884552,0.2543882131576538,0.15689381957054138,-0.012242326512932777,0.16446319222450256,0.06912603229284286,0.04963027313351631,-0.04781283065676689,-0.060280267149209976,-0.1568889170885086,-0.028441864997148514,0.0613919273018837,-0.051707979291677475,0.13899749517440796,0.035043779760599136]', NULL, '2026-02-12 16:06:39'),
	(111, 20, 5, '[-0.11140017956495285,0.03880876675248146,0.10560982674360275,-0.0661841481924057,-0.045971404761075974,-0.010539554990828037,-0.0679357498884201,-0.016397766768932343,0.14825297892093658,-0.07891809940338135,0.28617724776268005,-0.04507678374648094,-0.14259247481822968,-0.1938326060771942,-0.008810508996248245,0.14710308611392975,-0.216109961271286,-0.1590854823589325,-0.0364714041352272,-0.07322421669960022,-0.002853984944522381,0.02183832973241806,-0.013734468258917332,0.0887439027428627,-0.20077119767665863,-0.4346694350242615,-0.0360880084335804,-0.15581776201725006,0.02613900974392891,-0.08871493488550186,-0.038887668401002884,0.05496795475482941,-0.26884666085243225,-0.04399954155087471,-0.034872643649578094,0.10633973032236099,-0.0183522030711174,0.022093042731285095,0.16097456216812134,0.0641767680644989,-0.18007148802280426,0.005960366223007441,-0.04626566544175148,0.27904751896858215,0.24569270014762878,0.06649570912122726,-0.029279440641403198,0.008507226593792439,0.07699158787727356,-0.2600228190422058,0.08413531631231308,0.17102618515491486,0.08049425482749939,0.011346159502863884,0.048090506345033646,-0.1053120568394661,-0.051914311945438385,0.09635578840970993,-0.23790550231933594,0.03868797421455383,-0.08878423273563385,-0.12110450118780136,-0.023723836988210678,-0.04742239788174629,0.2546614110469818,0.1262637972831726,-0.09974195808172226,-0.11310453712940216,0.2264091521501541,-0.12612676620483398,0.010207009501755238,0.09345372766256332,-0.09390702098608017,-0.1580476015806198,-0.3407838046550751,0.10653991997241974,0.42592936754226685,0.06721169501543045,-0.21807663142681122,0.024588236585259438,-0.062444236129522324,-0.06607435643672943,0.07994285970926285,0.09485000371932983,-0.038769349455833435,-0.011291541159152985,-0.0662308782339096,0.05760885402560234,0.1137457937002182,0.029713453724980354,-0.0322066955268383,0.20267221331596375,-0.08635176718235016,0.039963699877262115,0.07662463933229446,0.015448449179530144,-0.07783563435077667,0.03397662565112114,-0.09202171862125397,-0.005626981146633625,0.058029673993587494,-0.021790532395243645,0.001390591380186379,0.10330741852521896,-0.10881411284208298,0.09490980952978134,0.0023404769599437714,-0.052451200783252716,0.01667306385934353,0.02027500979602337,-0.08811555802822113,-0.11580505967140198,0.15619471669197083,-0.2793130576610565,0.21524471044540405,0.15043672919273376,0.0009076143032871187,0.18691521883010864,0.049373406916856766,0.04175857454538345,-0.045614276081323624,-0.05666074901819229,-0.17550989985466003,0.001420632004737854,0.06344610452651978,-0.07440271973609924,0.09278007596731186,0.012867138721048832]', NULL, '2026-02-12 16:06:39');

-- Dumping structure for table absensi_labor.labor
CREATE TABLE IF NOT EXISTS `labor` (
  `id` int NOT NULL AUTO_INCREMENT,
  `nama` varchar(191) CHARACTER SET utf8mb4 COLLATE utf8mb4_general_ci NOT NULL,
  `deskripsi` text CHARACTER SET utf8mb4 COLLATE utf8mb4_general_ci,
  `created_at` datetime DEFAULT CURRENT_TIMESTAMP,
  PRIMARY KEY (`id`)
) ENGINE=InnoDB AUTO_INCREMENT=8 DEFAULT CHARSET=utf8mb4 COLLATE=utf8mb4_general_ci;

-- Dumping data for table absensi_labor.labor: ~0 rows (approximately)
INSERT INTO `labor` (`id`, `nama`, `deskripsi`, `created_at`) VALUES
	(1, 'Labor Desain', 'Fasilitas lengkap untuk pembuatan animasi 2D dan 3D dengan perangkat profesional', '2026-01-09 09:29:01'),
	(2, 'Labor Game', 'Studio pengembangan game dengan perangkat gaming dan development tools', '2026-01-09 09:29:01'),
	(3, 'Labor Tefa', 'Studio Project', '2026-01-09 09:29:01');

-- Dumping structure for table absensi_labor.users
CREATE TABLE IF NOT EXISTS `users` (
  `id` int NOT NULL AUTO_INCREMENT,
  `nama` varchar(100) CHARACTER SET utf8mb4 COLLATE utf8mb4_general_ci DEFAULT NULL,
  `nim` varchar(20) CHARACTER SET utf8mb4 COLLATE utf8mb4_general_ci DEFAULT NULL,
  `is_active` tinyint(1) DEFAULT '1',
  `role` varchar(20) CHARACTER SET utf8mb4 COLLATE utf8mb4_general_ci DEFAULT 'mahasiswa',
  `created_at` datetime DEFAULT CURRENT_TIMESTAMP,
  `updated_at` datetime DEFAULT CURRENT_TIMESTAMP ON UPDATE CURRENT_TIMESTAMP,
  PRIMARY KEY (`id`),
  UNIQUE KEY `nim` (`nim`)
) ENGINE=InnoDB AUTO_INCREMENT=27 DEFAULT CHARSET=utf8mb4 COLLATE=utf8mb4_general_ci;

-- Dumping data for table absensi_labor.users: ~0 rows (approximately)
INSERT INTO `users` (`id`, `nama`, `nim`, `is_active`, `role`, `created_at`, `updated_at`) VALUES
	(14, 'azik', '1234', 1, 'mahasiswa', '2026-02-12 08:44:24', '2026-02-12 08:44:24'),
	(15, 'test', '123', 1, 'mahasiswa', '2026-02-12 10:04:07', '2026-02-12 10:04:07'),
	(18, 'test3', '113', 1, 'mahasiswa', '2026-02-12 10:04:47', '2026-02-12 10:04:47'),
	(19, 'test4', '114', 1, 'mahasiswa', '2026-02-12 10:04:53', '2026-02-12 10:04:53'),
	(20, 'test5', '115', 1, 'mahasiswa', '2026-02-12 10:04:58', '2026-02-12 10:04:58'),
	(21, 'test6', '116', 1, 'mahasiswa', '2026-02-12 10:05:06', '2026-02-12 10:05:06'),
	(22, 'test7', '117', 1, 'mahasiswa', '2026-02-12 10:05:12', '2026-02-12 10:05:12'),
	(23, 'test8', '118', 1, 'mahasiswa', '2026-02-12 10:05:22', '2026-02-12 10:05:22'),
	(24, 'test9', '119', 1, 'mahasiswa', '2026-02-12 10:05:29', '2026-02-12 10:05:29'),
	(25, 'test10', '110', 1, 'mahasiswa', '2026-02-12 10:05:35', '2026-02-12 10:05:35'),
	(26, 'test11', '121', 1, 'mahasiswa', '2026-02-12 15:11:55', '2026-02-12 15:11:55');

/*!40103 SET TIME_ZONE=IFNULL(@OLD_TIME_ZONE, 'system') */;
/*!40101 SET SQL_MODE=IFNULL(@OLD_SQL_MODE, '') */;
/*!40014 SET FOREIGN_KEY_CHECKS=IFNULL(@OLD_FOREIGN_KEY_CHECKS, 1) */;
/*!40101 SET CHARACTER_SET_CLIENT=@OLD_CHARACTER_SET_CLIENT */;
/*!40111 SET SQL_NOTES=IFNULL(@OLD_SQL_NOTES, 1) */;
